smaller_family	larger_family	group_embedding
1	9	9->1
4	9	9->4
1	10	10->1
2	10	10->2
5	10	10->5
6	10	10->6
1	11	11->1
3	11	11->3
2	12	12->2
3	12	12->3
13	12	12->13
14	12	12->14
2	15	15->2
3	16	16->3
8	16	16->8
4	17	17->4
5	17	17->5
6	17	17->6
18	17	17->18
1	19	19->1
9	21	21->9
22	21	21->22
23	21	21->23
4	22	22->4
24	22	22->24
1	23	23->1
24	23	23->24
2	25	25->2
26	25	25->26
1	26	26->1
3	27	27->3
28	27	27->28
1	28	28->1
8	28	28->8
10	29	29->10
11	29	29->11
15	29	29->15
30	29	29->30
1	30	30->1
7	30	30->7
11	31	31->11
16	31	31->16
32	31	31->32
1	32	32->1
8	32	32->8
9	33	33->9
10	33	33->10
17	33	33->17
9	34	34->9
11	34	34->11
19	34	34->19
19	35	35->19
36	35	35->36
1	36	36->1
8	36	36->8
19	37	37->19
38	37	37->38
1	38	38->1
12	39	39->12
40	39	39->40
3	40	40->3
13	40	40->13
14	40	40->14
41	40	40->41
5	42	42->5
6	42	42->6
15	42	42->15
16	42	42->16
5	43	43->5
6	43	43->6
20	43	43->20
44	43	43->44
10	45	45->10
12	45	45->12
15	45	45->15
25	45	45->25
27	45	45->27
46	45	45->46
11	46	46->11
26	46	46->26
11	47	47->11
16	47	47->16
27	47	47->27
17	48	48->17
43	48	48->43
49	48	48->49
50	48	48->50
44	49	49->44
51	49	49->51
18	50	50->18
4	51	51->4
21	52	52->21
25	52	52->25
33	52	52->33
53	52	52->53
54	52	52->54
9	53	53->9
26	53	53->26
1	54	54->1
18	54	54->18
21	55	55->21
27	55	55->27
34	55	55->34
35	55	55->35
37	55	55->37
56	55	55->56
57	55	55->57
23	56	56->23
28	56	56->28
36	56	56->36
23	57	57->23
38	57	57->38
15	58	58->15
20	58	58->20
25	58	58->25
37	58	58->37
59	58	58->59
60	58	58->60
61	58	58->61
26	59	59->26
62	59	59->62
19	60	60->19
26	60	60->26
7	61	61->7
38	61	61->38
62	61	61->62
1	62	62->1
16	63	63->16
27	63	63->27
35	63	63->35
64	63	63->64
28	64	64->28
36	64	64->36
29	65	65->29
45	65	65->45
66	65	65->66
67	65	65->67
46	66	66->46
28	67	67->28
30	67	67->30
31	68	68->31
47	68	68->47
69	68	68->69
28	69	69->28
32	69	69->32
29	70	70->29
31	70	70->31
42	70	70->42
71	70	70->71
72	70	70->72
16	71	71->16
30	72	72->30
32	72	72->32
43	73	73->43
45	73	73->45
74	73	73->74
75	73	73->75
76	73	73->76
19	74	74->19
46	74	74->46
47	74	74->47
44	75	75->44
13	76	76->13
14	76	76->14
44	76	76->44
33	77	77->33
42	77	77->42
48	77	77->48
73	77	77->73
78	77	77->78
79	77	77->79
80	77	77->80
34	78	78->34
49	78	78->49
74	78	78->74
49	79	79->49
75	79	79->75
81	79	79->81
82	79	79->82
49	80	80->49
76	80	80->76
51	81	81->51
51	82	82->51
29	83	83->29
45	83	83->45
52	83	83->52
55	83	83->55
58	83	83->58
84	83	83->84
85	83	83->85
86	83	83->86
87	83	83->87
13	84	84->13
14	84	84->14
34	84	84->34
46	84	84->46
53	84	84->53
60	84	84->60
35	85	85->35
60	85	85->60
30	86	86->30
57	86	86->57
61	86	86->61
23	87	87->23
38	87	87->38
54	87	87->54
31	88	88->31
47	88	88->47
55	88	88->55
63	88	88->63
89	88	88->89
90	88	88->90
91	88	88->91
92	88	88->92
22	89	89->22
93	89	89->93
94	89	89->94
95	89	89->95
56	90	90->56
64	90	90->64
94	90	90->94
32	91	91->32
36	91	91->36
57	91	91->57
95	91	91->95
23	92	92->23
36	92	92->36
96	93	93->96
24	94	94->24
96	94	94->96
24	95	95->24
58	97	97->58
65	97	97->65
73	97	97->73
98	97	97->98
99	97	97->99
100	97	97->100
101	97	97->101
102	97	97->102
63	98	98->63
66	98	98->66
74	98	98->74
105	98	98->105
37	99	99->37
59	99	99->59
68	99	99->68
74	99	99->74
75	99	99->75
103	99	99->103
60	100	100->60
74	100	100->74
104	100	100->104
61	101	101->61
67	101	101->67
103	101	101->103
67	102	102->67
69	102	102->69
104	102	102->104
38	103	103->38
62	103	103->62
69	103	103->69
28	104	104->28
1	105	105->1
39	106	106->39
65	106	106->65
83	106	106->83
107	106	106->107
108	106	106->108
109	106	106->109
110	106	106->110
111	106	106->111
112	106	106->112
84	107	107->84
85	107	107->85
59	108	108->59
85	108	108->85
113	108	108->113
40	109	109->40
66	109	109->66
84	109	109->84
114	109	109->114
56	110	110->56
67	110	110->67
86	110	110->86
113	110	110->113
57	111	111->57
87	111	111->87
54	112	112->54
114	112	112->114
36	113	113->36
62	113	113->62
1	114	114->1
41	114	114->41
68	115	115->68
88	115	115->88
116	115	115->116
117	115	115->117
118	115	115->118
90	116	116->90
56	117	117->56
69	117	117->69
91	117	117->91
56	118	118->56
57	118	118->57
92	118	118->92
70	119	119->70
77	119	119->77
83	119	119->83
97	119	119->97
120	119	119->120
121	119	119->121
122	119	119->122
123	119	119->123
126	119	119->126
78	120	120->78
79	120	120->79
88	120	120->88
98	120	120->98
99	120	120->99
124	120	120->124
125	120	120->125
128	120	120->128
71	121	121->71
85	121	121->85
98	121	121->98
100	121	121->100
127	121	121->127
78	122	122->78
80	122	122->80
84	122	122->84
100	122	122->100
72	123	123->72
86	123	123->86
101	123	123->101
125	123	123->125
81	124	124->81
89	124	124->89
129	124	124->129
130	124	124->130
131	124	124->131
64	125	125->64
91	125	125->91
103	125	125->103
130	125	125->130
50	126	126->50
61	126	126->61
87	126	126->87
128	126	126->128
62	128	128->62
92	128	128->92
131	128	128->131
93	129	129->93
95	130	130->95
24	131	131->24
106	132	132->106
119	132	132->119
133	132	132->133
134	132	132->134
135	132	132->135
136	132	132->136
140	132	132->140
108	133	133->108
115	133	133->115
120	133	133->120
121	133	133->121
137	133	133->137
138	133	133->138
139	133	133->139
141	133	133->141
142	133	133->142
107	134	134->107
109	134	134->109
121	134	134->121
122	134	134->122
143	134	134->143
110	135	135->110
116	135	135->116
123	135	135->123
139	135	135->139
102	136	136->102
110	136	136->110
111	136	136->111
117	136	136->117
126	136	136->126
141	136	136->141
142	136	136->142
124	137	137->124
144	137	137->144
145	137	137->145
147	137	137->147
149	137	137->149
124	138	138->124
127	138	138->127
146	138	138->146
148	138	138->148
150	138	138->150
90	139	139->90
113	139	139->113
117	139	139->117
125	139	139->125
147	139	139->147
148	139	139->148
112	140	140->112
143	140	140->143
91	141	141->91
104	141	141->104
113	141	141->113
118	141	141->118
128	141	141->128
149	141	141->149
150	141	141->150
113	142	142->113
128	142	142->128
105	143	143->105
114	143	143->114
129	144	144->129
151	144	144->151
153	144	144->153
129	145	145->129
152	145	145->152
154	146	146->154
94	147	147->94
130	147	147->130
153	147	147->153
130	148	148->130
154	148	148->154
95	149	149->95
131	149	149->131
131	150	150->131
155	151	151->155
156	151	151->156
96	153	153->96
156	153	153->156
